"customer_id","avg_rental_time","num_rentals","above_avg_time"
148,"4 days 30:49:56.086956","46",1
526,"5 days 20:52:50.666667","45",1
144,"5 days 14:18:31.428571","42",1
236,"4 days 24:28:14.634146","42",0
75,"4 days 23:57:53.684211","41",0
469,"5 days 12:38:39","40",1
197,"4 days 21:37:22.5","40",0
468,"5 days 14:11:32.307692","39",1
137,"5 days 21:02:18.461538","39",1
178,"5 days 15:20:03.157895","39",1
